title,slug,category,styrk_code,median_pay_annual,num_employed,education,url
AFIS-fullmektig,afis-fullmektig,Kontoryrker,4323,662760,2362,Videregående,https://utdanning.no/yrker/beskrivelse/afis-fullmektig
Adjunkt,adjunkt,Akademiske yrker,2341,705000,20101,Bachelor,https://utdanning.no/yrker/beskrivelse/adjunkt
Advokat,advokat,Akademiske yrker,2611,969960,11520,Master,https://utdanning.no/yrker/beskrivelse/advokat
Advokatassistent,advokatassistent,Høyskoleyrker,3342,659160,751,,https://utdanning.no/yrker/beskrivelse/advokatassistent
Agronom,agronom,Akademiske yrker,2132,741960,593,Bachelor,https://utdanning.no/yrker/beskrivelse/agronom
Aksjemegler,aksjemegler,Høyskoleyrker,3311,1064160,5211,,https://utdanning.no/yrker/beskrivelse/aksjemegler
Aktivitør,aktivitoer,Salgs- og serviceyrker,5321,617160,31415,,https://utdanning.no/yrker/beskrivelse/aktivitor
Aktuar,aktuar,Akademiske yrker,2120,796800,586,,https://utdanning.no/yrker/beskrivelse/aktuar
Akupunktør,akupunktoer,Høyskoleyrker,3230,660000,41,,https://utdanning.no/yrker/beskrivelse/akupunktor
Allmennlege,allmennlege,Akademiske yrker,2211,996960,3734,,https://utdanning.no/yrker/beskrivelse/allmennlege
Aluminiumskonstruktør,aluminiumskonstruktoer,Håndverkere,7214,587400,1873,Bachelor,https://utdanning.no/yrker/beskrivelse/aluminiumskonstruktor
Ambassadør,ambassadoer,Ledere,1112,1434240,984,Master,https://utdanning.no/yrker/beskrivelse/ambassador
Ambulansearbeider,ambulansearbeider,Høyskoleyrker,3258,711120,5604,Bachelor,https://utdanning.no/yrker/beskrivelse/ambulansearbeider
Anestesilege,anestesilege,Akademiske yrker,2212,1285920,727,,https://utdanning.no/yrker/beskrivelse/anestesilege
Anestesisykepleier,anestesisykepleier,Akademiske yrker,2221,765720,3275,Master,https://utdanning.no/yrker/beskrivelse/anestesisykepleier
Animatør,animatoer,Akademiske yrker,,,,Bachelor,https://utdanning.no/yrker/beskrivelse/animator
Anleggsgartner,anleggsgartner,"Bønder, fiskere mv.",6113,526320,2536,,https://utdanning.no/yrker/beskrivelse/anleggsgartner
Anleggsmaskinfører,anleggsmaskinfoerer,"Prosess- og maskinoperatører, transportarbeidere mv.",8342,618120,3264,Fagbrev/fagskole,https://utdanning.no/yrker/beskrivelse/anleggsmaskinforer
Anleggsmaskinmekaniker,anleggsmaskinmekaniker,Håndverkere,7233,642480,4339,Fagbrev/fagskole,https://utdanning.no/yrker/beskrivelse/anleggsmaskinmekaniker
Anleggsrørlegger,anleggsroerlegger,Håndverkere,7126,645000,4421,,https://utdanning.no/yrker/beskrivelse/anleggsrorlegger
Ansatt i Forsvaret,ansatt-i-forsvaret,Militære yrker og uoppgitt,0210,969120,5021,,https://utdanning.no/yrker/beskrivelse/ansatt_i_forsvaret
Antikvar,antikvar,Akademiske yrker,2621,672960,268,Master,https://utdanning.no/yrker/beskrivelse/antikvar
Apoteker,apoteker,Akademiske yrker,2262,754080,932,Master,https://utdanning.no/yrker/beskrivelse/apoteker
Apotektekniker,apotektekniker,Høyskoleyrker,,,,Videregående,https://utdanning.no/yrker/beskrivelse/apotektekniker
Arbeidsleder bygg og anlegg,arbeidsleder-bygg-og-anlegg,Høyskoleyrker,3123,798600,11898,Fagbrev/fagskole,https://utdanning.no/yrker/beskrivelse/arbeidsleder_bygg_og_anlegg
Arbeidsleder innen industri og produksjon,arbeidsleder-innen-industri-og-produksjon,Høyskoleyrker,3122,724200,4173,Fagbrev/fagskole,https://utdanning.no/yrker/beskrivelse/arbeidsleder_innen_industri_og_produksjon
Arbeidsmedisiner,arbeidsmedisiner,Akademiske yrker,2212,1285920,727,,https://utdanning.no/yrker/beskrivelse/arbeidsmedisiner
Arealplanlegger,arealplanlegger,Akademiske yrker,2164,817680,721,Master,https://utdanning.no/yrker/beskrivelse/arealplanlegger
Arkeolog,arkeolog,Akademiske yrker,2633,700560,52,,https://utdanning.no/yrker/beskrivelse/arkeolog
Arkitekt,arkitekt,Akademiske yrker,2161,900120,3134,,https://utdanning.no/yrker/beskrivelse/arkitekt
Arkivar,arkivar,Akademiske yrker,2621,672960,268,,https://utdanning.no/yrker/beskrivelse/arkivar
Aromaterapeut,aromaterapeut,Salgs- og serviceyrker,5142,471960,485,Ingen formelle krav,https://utdanning.no/yrker/beskrivelse/aromaterapeut
Arrangementsplanlegger,arrangementsplanlegger,Høyskoleyrker,3332,671280,1223,,https://utdanning.no/yrker/beskrivelse/arrangementsplanlegger
Art director,art-director,Ledere,1222,997560,930,,https://utdanning.no/yrker/beskrivelse/art_director
Asfaltør,asfaltoer,"Prosess- og maskinoperatører, transportarbeidere mv.",8342,618120,3264,Fagbrev/fagskole,https://utdanning.no/yrker/beskrivelse/asfaltor
Astrofysiker,astrofysiker,Akademiske yrker,2111,909480,174,Doktorgrad,https://utdanning.no/yrker/beskrivelse/astrofysiker
Astronaut,astronaut,Akademiske yrker,,,,Doktorgrad,https://utdanning.no/yrker/beskrivelse/astronaut
Au pair,au-pair,Salgs- og serviceyrker,,,,Videregående,https://utdanning.no/yrker/beskrivelse/au_pair
Audiograf,audiograf,Akademiske yrker,2266,652920,366,,https://utdanning.no/yrker/beskrivelse/audiograf
Audiopedagog,audiopedagog,Akademiske yrker,2352,679320,1462,Master,https://utdanning.no/yrker/beskrivelse/audiopedagog
Automatiker,automatiker,Håndverkere,7412,720960,774,,https://utdanning.no/yrker/beskrivelse/automatiker
Avioniker,avioniker,Håndverkere,7232,789720,193,,https://utdanning.no/yrker/beskrivelse/avioniker
Avisbud,avisbud,"Renholdere, hjelpearbeidere mv.",9621,471120,3217,,https://utdanning.no/yrker/beskrivelse/avisbud
Avløser,avloeser,"Bønder, fiskere mv.",6121,457920,1594,Bachelor,https://utdanning.no/yrker/beskrivelse/avloser
Badevakt,badevakt,Salgs- og serviceyrker,5419,508080,1580,,https://utdanning.no/yrker/beskrivelse/badevakt
Baker,baker,Håndverkere,7512,509880,766,,https://utdanning.no/yrker/beskrivelse/baker
Banemontør,banemontoer,"Prosess- og maskinoperatører, transportarbeidere mv.",8342,618120,3264,Videregående,https://utdanning.no/yrker/beskrivelse/banemontor
Barista,barista,Salgs- og serviceyrker,5131,448200,5704,,https://utdanning.no/yrker/beskrivelse/barista
Barne- og ungdomsarbeider,barne-og-ungdomsarbeider,Salgs- og serviceyrker,5311,499320,30937,,https://utdanning.no/yrker/beskrivelse/barne-_og_ungdomsarbeider
Barne- og ungdomspsykiater,barne-og-ungdomspsykiater,Akademiske yrker,2212,1285920,727,,https://utdanning.no/yrker/beskrivelse/barne-_og_ungdomspsykiater
Barne- og ungdomspsykolog,barne-og-ungdomspsykolog,Akademiske yrker,2634,795240,3163,,https://utdanning.no/yrker/beskrivelse/barne-_og_ungdomspsykolog
Barnehageassistent,barnehageassistent,Salgs- og serviceyrker,5311,499320,30937,Fagbrev/fagskole,https://utdanning.no/yrker/beskrivelse/barnehageassistent
Barnehagelærer,barnehagelaerer,Akademiske yrker,2342,642600,17156,,https://utdanning.no/yrker/beskrivelse/barnehagelaerer
Barnehagestyrer,barnehagestyrer,Ledere,1341,823200,4004,Bachelor,https://utdanning.no/yrker/beskrivelse/barnehagestyrer
Barnelege,barnelege,Akademiske yrker,2212,1285920,727,Bachelor,https://utdanning.no/yrker/beskrivelse/barnelege
Barnesykepleier,barnesykepleier,Akademiske yrker,2221,765720,3275,Master,https://utdanning.no/yrker/beskrivelse/barnesykepleier
Barnevernspedagog,barnevernspedagog,Akademiske yrker,2635,672000,3832,Master,https://utdanning.no/yrker/beskrivelse/barnevernspedagog
Bartender,bartender,Salgs- og serviceyrker,5132,449760,6629,Fagbrev/fagskole,https://utdanning.no/yrker/beskrivelse/bartender
Bas/Nettmann,bas-nettmann,"Bønder, fiskere mv.",6222,582000,143,Fagbrev/fagskole,https://utdanning.no/yrker/beskrivelse/bas_nettmann
Betongfagarbeider,betongfagarbeider,Håndverkere,7114,641040,8486,Fagbrev/fagskole,https://utdanning.no/yrker/beskrivelse/betongfagarbeider
Bibliotekar,bibliotekar,Akademiske yrker,2622,640320,2470,,https://utdanning.no/yrker/beskrivelse/bibliotekar
Bilberger,bilberger,"Prosess- og maskinoperatører, transportarbeidere mv.",8332,567120,24086,Fagbrev/fagskole,https://utdanning.no/yrker/beskrivelse/bilberger
Billakkerer,billakkerer,Håndverkere,7132,584280,953,,https://utdanning.no/yrker/beskrivelse/billakkerer
Billedkunstner,billedkunstner,Akademiske yrker,2651,606120,178,,https://utdanning.no/yrker/beskrivelse/billedkunstner
Bilmekaniker (lette kjøretøy),bilmekaniker-lette-kjoeretoey,Håndverkere,7231,582000,5427,,https://utdanning.no/yrker/beskrivelse/bilmekaniker_lette_kjoretoy
Bilmekaniker (tunge kjøretøy),bilmekaniker-tunge-kjoeretoey,Håndverkere,7231,582000,5427,,https://utdanning.no/yrker/beskrivelse/bilmekaniker_tunge_kjoretoy
Bilpleier,bilpleier,"Renholdere, hjelpearbeidere mv.",9122,479520,3154,,https://utdanning.no/yrker/beskrivelse/bilpleier
Bilsalmaker,bilsalmaker,Håndverkere,7534,558240,74,,https://utdanning.no/yrker/beskrivelse/bilsalmaker
Bilselger,bilselger,Salgs- og serviceyrker,5223,504240,40647,Fagbrev/fagskole,https://utdanning.no/yrker/beskrivelse/bilselger
Bilskadereparatør,bilskadereparatoer,Håndverkere,7213,603960,1519,Fagbrev/fagskole,https://utdanning.no/yrker/beskrivelse/bilskadereparator
Bioingeniør,bioingenioer,Høyskoleyrker,3212,675240,3595,,https://utdanning.no/yrker/beskrivelse/bioingenior
Biokjemiker,biokjemiker,Akademiske yrker,2131,823680,227,,https://utdanning.no/yrker/beskrivelse/biokjemiker
Biolog,biolog,Akademiske yrker,2131,823680,227,,https://utdanning.no/yrker/beskrivelse/biolog
Biopat,biopat,Høyskoleyrker,3230,660000,41,Fagbrev/fagskole,https://utdanning.no/yrker/beskrivelse/biopat
Bioteknolog,bioteknolog,Akademiske yrker,2131,823680,227,,https://utdanning.no/yrker/beskrivelse/bioteknolog
Bistandsarbeider,bistandsarbeider,Akademiske yrker,,,,,https://utdanning.no/yrker/beskrivelse/bistandsarbeider
Blomsterdekoratør,blomsterdekoratoer,Håndverkere,7549,498240,821,Fagbrev/fagskole,https://utdanning.no/yrker/beskrivelse/blomsterdekorator
Blyglasshåndverker,blyglasshaandverker,Håndverkere,7125,565440,585,Videregående,https://utdanning.no/yrker/beskrivelse/blyglasshandverker
Bokhandler,bokhandler,Salgs- og serviceyrker,5222,572160,5444,Fagbrev/fagskole,https://utdanning.no/yrker/beskrivelse/bokhandler
Bonde,bonde,"Bønder, fiskere mv.",6122,522240,340,,https://utdanning.no/yrker/beskrivelse/bonde
Bore- og vedlikeholdsoperatør,bore-og-vedlikeholdsoperatoer,"Prosess- og maskinoperatører, transportarbeidere mv.",8113,962160,1522,Fagbrev/fagskole,https://utdanning.no/yrker/beskrivelse/bore-_og_vedlikeholdsoperator
Brannforebygger,brannforebygger,Håndverkere,7133,573600,790,Videregående,https://utdanning.no/yrker/beskrivelse/brannforebygger
Branningeniør,branningenioer,Høyskoleyrker,3112,800640,8546,Bachelor,https://utdanning.no/yrker/beskrivelse/branningenior
Brannkonstabel,brannkonstabel,Salgs- og serviceyrker,5411,726120,1938,Fagbrev/fagskole,https://utdanning.no/yrker/beskrivelse/brannkonstabel
Brønnborer fastland,broennborer-fastland,"Prosess- og maskinoperatører, transportarbeidere mv.",8342,618120,3264,,https://utdanning.no/yrker/beskrivelse/bronnborer_fastland
Brønnoperatør,broennoperatoer,"Prosess- og maskinoperatører, transportarbeidere mv.",8113,962160,1522,,https://utdanning.no/yrker/beskrivelse/bronnoperator
Brønnoperatør for elektriske kabeloperasjoner,broennoperatoer-for-elektriske-kabeloperasjoner,"Prosess- og maskinoperatører, transportarbeidere mv.",8113,962160,1522,Fagbrev/fagskole,https://utdanning.no/yrker/beskrivelse/bronnoperator_elektriske_kabeloperasjoner
Brønnoperatør for mekaniske kabeloperasjoner,broennoperatoer-for-mekaniske-kabeloperasjoner,"Prosess- og maskinoperatører, transportarbeidere mv.",8113,962160,1522,Fagbrev/fagskole,https://utdanning.no/yrker/beskrivelse/bronnoperator_mekaniske_kabeloperasjoner
Brønnoperatør havbunnsinstallasjoner,broennoperatoer-havbunnsinstallasjoner,"Prosess- og maskinoperatører, transportarbeidere mv.",8113,962160,1522,Videregående,https://utdanning.no/yrker/beskrivelse/bronnoperator_havbunnsinstallasjoner
Brønnoperatør komplettering,broennoperatoer-komplettering,"Prosess- og maskinoperatører, transportarbeidere mv.",8113,962160,1522,Fagbrev/fagskole,https://utdanning.no/yrker/beskrivelse/bronnoperator_komplettering
Brønnoperatør kveilerør,broennoperatoer-kveileroer,"Prosess- og maskinoperatører, transportarbeidere mv.",8113,962160,1522,Fagbrev/fagskole,https://utdanning.no/yrker/beskrivelse/bronnoperator_kveileror
Brønnoperatør sementering,broennoperatoer-sementering,"Prosess- og maskinoperatører, transportarbeidere mv.",8113,962160,1522,Fagbrev/fagskole,https://utdanning.no/yrker/beskrivelse/bronnoperator_sementering
Bunadtilvirker,bunadtilvirker,Håndverkere,7318,495720,102,Videregående,https://utdanning.no/yrker/beskrivelse/bunadtilvirker
Buntmaker,buntmaker,Håndverkere,7531,591000,78,Videregående,https://utdanning.no/yrker/beskrivelse/buntmaker
Bussjåfør,bussjaafoer,"Prosess- og maskinoperatører, transportarbeidere mv.",8331,567240,8276,Fagbrev/fagskole,https://utdanning.no/yrker/beskrivelse/bussjafor
Butikkmedarbeider,butikkmedarbeider,Salgs- og serviceyrker,5223,504240,40647,Fagbrev/fagskole,https://utdanning.no/yrker/beskrivelse/butikkmedarbeider
Butikksjef,butikksjef,Ledere,1420,664680,16980,,https://utdanning.no/yrker/beskrivelse/butikksjef
Bygg- og anleggsingeniør,bygg-og-anleggsingenioer,Høyskoleyrker,3112,800640,8546,,https://utdanning.no/yrker/beskrivelse/bygg-_og_anleggsingenior
Byggdrifter,byggdrifter,Salgs- og serviceyrker,5153,578280,7129,Videregående,https://utdanning.no/yrker/beskrivelse/byggdrifter
Byggmontør,byggmontoer,Håndverkere,,,,Videregående,https://utdanning.no/yrker/beskrivelse/byggmontor
Båtbygger,baatbygger,Håndverkere,,,,,https://utdanning.no/yrker/beskrivelse/batbygger
Bøkker,boekker,Håndverkere,7115,574800,10067,Videregående,https://utdanning.no/yrker/beskrivelse/bokker
Børsemaker,boersemaker,Håndverkere,7222,629520,646,Videregående,https://utdanning.no/yrker/beskrivelse/borsemaker
CNC-maskineringsoperatør,cnc-maskineringsoperatoer,Håndverkere,7223,601680,2403,Fagbrev/fagskole,https://utdanning.no/yrker/beskrivelse/cnc-maskineringsoperator
Chassispåbygger,chassispaabygger,Håndverkere,7213,603960,1519,Fagbrev/fagskole,https://utdanning.no/yrker/beskrivelse/chassispabygger
Dansepedagog,dansepedagog,Akademiske yrker,2653,656040,91,,https://utdanning.no/yrker/beskrivelse/dansepedagog
Danser,danser,Akademiske yrker,2653,656040,91,,https://utdanning.no/yrker/beskrivelse/danser
Dataelektroniker,dataelektroniker,Håndverkere,7421,642840,1313,Fagbrev/fagskole,https://utdanning.no/yrker/beskrivelse/dataelektroniker
Dataviter (data scientist),dataviter-data-scientist,Akademiske yrker,2511,915960,11081,,https://utdanning.no/yrker/beskrivelse/dataviter_data_scientist
Designer,designer,Akademiske yrker,2163,752040,219,,https://utdanning.no/yrker/beskrivelse/designer
DevOps-ingeniør,devops-ingenioer,Høyskoleyrker,3513,857880,396,,https://utdanning.no/yrker/beskrivelse/devops-ingenior
Diakon,diakon,Høyskoleyrker,3413,613320,708,Master,https://utdanning.no/yrker/beskrivelse/diakon
Diakonimedarbeider,diakonimedarbeider,Høyskoleyrker,3413,613320,708,Master,https://utdanning.no/yrker/beskrivelse/diakonimedarbeider
Dimensjonskontrollør,dimensjonskontrolloer,Håndverkere,7222,629520,646,Videregående,https://utdanning.no/yrker/beskrivelse/dimensjonskontrollor
Diplomat,diplomat,Akademiske yrker,2422,739560,22579,Master,https://utdanning.no/yrker/beskrivelse/diplomat
Dirigent,dirigent,Akademiske yrker,2652,740520,380,Master,https://utdanning.no/yrker/beskrivelse/dirigent
Dommer,dommer,Akademiske yrker,2612,1421640,857,Master,https://utdanning.no/yrker/beskrivelse/dommer
Dramaturg,dramaturg,Akademiske yrker,2654,750000,642,Bachelor,https://utdanning.no/yrker/beskrivelse/dramaturg
Driftsoperatør i idrettsanlegg,driftsoperatoer-i-idrettsanlegg,Salgs- og serviceyrker,5153,578280,7129,Videregående,https://utdanning.no/yrker/beskrivelse/driftsoperator_i_idrettsanlegg
Droneoperatør,droneoperatoer,Høyskoleyrker,,,,Bachelor,https://utdanning.no/yrker/beskrivelse/droneoperator
Duojár,duoj-r,Håndverkere,7318,495720,102,Videregående,https://utdanning.no/yrker/beskrivelse/duojar
Dykker,dykker,Håndverkere,7541,699000,541,Bachelor,https://utdanning.no/yrker/beskrivelse/dykker
Dyrefagarbeider,dyrefagarbeider,Salgs- og serviceyrker,5164,440040,354,,https://utdanning.no/yrker/beskrivelse/dyrefagarbeider
Dyrepasser,dyrepasser,Salgs- og serviceyrker,5164,440040,354,Videregående,https://utdanning.no/yrker/beskrivelse/dyrepasser
Dyrepleier,dyrepleier,Høyskoleyrker,3240,507480,1106,,https://utdanning.no/yrker/beskrivelse/dyrepleier
E-sportsutøver,e-sportsutoever,Akademiske yrker,,,,Bachelor,https://utdanning.no/yrker/beskrivelse/e-sportsutover
Eiendomsmegler,eiendomsmegler,Høyskoleyrker,3334,865080,6983,Bachelor,https://utdanning.no/yrker/beskrivelse/eiendomsmegler
Eksponeringsdesigner,eksponeringsdesigner,Høyskoleyrker,3432,574800,534,Bachelor,https://utdanning.no/yrker/beskrivelse/eksponeringsdesigner
Elektriker,elektriker,Håndverkere,7411,659160,10709,Videregående,https://utdanning.no/yrker/beskrivelse/elektriker
Elektrofagarbeider,elektrofagarbeider,Håndverkere,7411,659160,10709,Videregående,https://utdanning.no/yrker/beskrivelse/elektrofagarbeider
Elektroingeniør,elektroingenioer,Akademiske yrker,2152,999960,4569,,https://utdanning.no/yrker/beskrivelse/elektroingenior
Elektroreparatør,elektroreparatoer,Håndverkere,7411,659160,10709,Videregående,https://utdanning.no/yrker/beskrivelse/elektroreparator
Energimontør,energimontoer,Håndverkere,7413,697680,4192,,https://utdanning.no/yrker/beskrivelse/energimontor
Energioperatør,energioperatoer,Høyskoleyrker,3131,868320,1657,Videregående,https://utdanning.no/yrker/beskrivelse/energioperator
Ergoterapeut,ergoterapeut,Akademiske yrker,2267,633360,3117,,https://utdanning.no/yrker/beskrivelse/ergoterapeut
Ernæringskokk,ernaeringskokk,Salgs- og serviceyrker,5120,499320,11002,Videregående,https://utdanning.no/yrker/beskrivelse/ernaeringskokk
Etterforsker,etterforsker,Høyskoleyrker,3355,767040,4046,Bachelor,https://utdanning.no/yrker/beskrivelse/etterforsker
Eurytmist,eurytmist,Akademiske yrker,,,,Bachelor,https://utdanning.no/yrker/beskrivelse/eurytmist
FU-operatør,fu-operatoer,"Prosess- og maskinoperatører, transportarbeidere mv.",8113,962160,1522,Videregående,https://utdanning.no/yrker/beskrivelse/fu-operator
"Fabrikksjef, fiske",fabrikksjef-fiske,Ledere,1321,999960,12518,Bachelor,https://utdanning.no/yrker/beskrivelse/fabrikksjef_fiske
Fagarbeider industriell matproduksjon,fagarbeider-industriell-matproduksjon,"Prosess- og maskinoperatører, transportarbeidere mv.",8160,521760,8485,Videregående,https://utdanning.no/yrker/beskrivelse/fagarbeider_industriell_matproduksjon
Fagarbeider sjømatproduksjon,fagarbeider-sjoematproduksjon,"Prosess- og maskinoperatører, transportarbeidere mv.",8160,521760,8485,Videregående,https://utdanning.no/yrker/beskrivelse/fagarbeider_sjomatproduksjon
Fagoperatør akvakultur (fiskeoppdretter),fagoperatoer-akvakultur-fiskeoppdretter,"Bønder, fiskere mv.",6221,711240,2615,Videregående,https://utdanning.no/yrker/beskrivelse/fagoperator_akvakultur_fiskeoppdretter
Fagoperatør i fiskeredskapsfaget,fagoperatoer-i-fiskeredskapsfaget,"Prosess- og maskinoperatører, transportarbeidere mv.",8152,526080,908,Fagbrev/fagskole,https://utdanning.no/yrker/beskrivelse/fagoperator_i_fiskeredskapsfaget
Fagoperatør i grafisk produksjonsteknikk,fagoperatoer-i-grafisk-produksjonsteknikk,Håndverkere,7321,568200,397,Videregående,https://utdanning.no/yrker/beskrivelse/fagoperator_i_grafisk_produksjonsteknikk
Fagoperatør i industritekstilfaget,fagoperatoer-i-industritekstilfaget,"Prosess- og maskinoperatører, transportarbeidere mv.",8153,519720,738,,https://utdanning.no/yrker/beskrivelse/fagoperator_i_industritekstilfaget
Fagoperatør i kjemisk prosessindustri (Prosesstekniker),fagoperatoer-i-kjemisk-prosessindustri-prosesstekniker,"Renholdere, hjelpearbeidere mv.",9329,565080,3792,Fagbrev/fagskole,https://utdanning.no/yrker/beskrivelse/fagoperator_i_kjemisk_prosessindustri_prosesstekniker
Fagoperatør i limtreproduksjonsfaget,fagoperatoer-i-limtreproduksjonsfaget,"Prosess- og maskinoperatører, transportarbeidere mv.",8171,554520,697,,https://utdanning.no/yrker/beskrivelse/fagoperator_i_limtreproduksjonsfaget
Fagoperatør i plastfag,fagoperatoer-i-plastfag,"Prosess- og maskinoperatører, transportarbeidere mv.",8142,558120,571,Videregående,https://utdanning.no/yrker/beskrivelse/fagoperator_i_plastfag
Fagoperatør i polymerkompositt / herdeplast,fagoperatoer-i-polymerkompositt-herdeplast,"Prosess- og maskinoperatører, transportarbeidere mv.",8142,558120,571,Videregående,https://utdanning.no/yrker/beskrivelse/fagoperator_i_polymerkompositt_herdeplast
Fagoperatør i produksjonsteknikk,fagoperatoer-i-produksjonsteknikk,"Prosess- og maskinoperatører, transportarbeidere mv.",8121,581280,8009,Videregående,https://utdanning.no/yrker/beskrivelse/fagoperator_i_produksjonsteknikk
Fagoperatør i termoplast,fagoperatoer-i-termoplast,"Prosess- og maskinoperatører, transportarbeidere mv.",8142,558120,571,,https://utdanning.no/yrker/beskrivelse/fagoperator_i_termoplast
Fagoperatør i trelast- og limtreproduksjon,fagoperatoer-i-trelast-og-limtreproduksjon,"Prosess- og maskinoperatører, transportarbeidere mv.",8171,554520,697,,https://utdanning.no/yrker/beskrivelse/fagoperator_i_trelast-_og_limtreproduksjon
Fagoperatør i trelastfaget,fagoperatoer-i-trelastfaget,"Prosess- og maskinoperatører, transportarbeidere mv.",8171,554520,697,,https://utdanning.no/yrker/beskrivelse/fagoperator_i_trelastfaget
Fagoperatør kran- og løfteoperasjoner (Kranfører),fagoperatoer-kran-og-loefteoperasjoner-kranfoerer,"Prosess- og maskinoperatører, transportarbeidere mv.",8343,654720,1813,Videregående,https://utdanning.no/yrker/beskrivelse/fagoperator_kran-_og_lofteoperasjoner_kranforer
Familierådgiver,familieraadgiver,Akademiske yrker,2635,672000,3832,,https://utdanning.no/yrker/beskrivelse/familieradgiver
Farmasøyt,farmasoeyt,Akademiske yrker,2262,754080,932,Master,https://utdanning.no/yrker/beskrivelse/farmasoyt
Fengselsbetjent,fengselsbetjent,Salgs- og serviceyrker,5413,670800,3666,Bachelor,https://utdanning.no/yrker/beskrivelse/fengselsbetjent
Ferskvarehandler,ferskvarehandler,Håndverkere,7511,535800,381,Videregående,https://utdanning.no/yrker/beskrivelse/ferskvarehandler
Filigranssølvsmed,filigranssoelvsmed,Håndverkere,7313,576000,71,Videregående,https://utdanning.no/yrker/beskrivelse/filigranssolvsmed
Filmfotograf,filmfotograf,Høyskoleyrker,3431,662640,304,Bachelor,https://utdanning.no/yrker/beskrivelse/filmfotograf
Filolog,filolog,Akademiske yrker,2643,647880,431,,https://utdanning.no/yrker/beskrivelse/filolog
Filosof,filosof,Akademiske yrker,2633,700560,52,,https://utdanning.no/yrker/beskrivelse/filosof
Finansanalytiker,finansanalytiker,Akademiske yrker,2412,896160,3251,Master,https://utdanning.no/yrker/beskrivelse/finansanalytiker
Finmekaniker,finmekaniker,Håndverkere,7311,665160,107,Videregående,https://utdanning.no/yrker/beskrivelse/finmekaniker
Fiskehelsebiolog,fiskehelsebiolog,"Bønder, fiskere mv.",6221,711240,2615,Master,https://utdanning.no/yrker/beskrivelse/fiskehelsebiolog
Fisker,fisker,"Bønder, fiskere mv.",6222,582000,143,Bachelor,https://utdanning.no/yrker/beskrivelse/fisker
Fjell- og bergverksarbeider,fjell-og-bergverksarbeider,"Prosess- og maskinoperatører, transportarbeidere mv.",8111,666840,649,Videregående,https://utdanning.no/yrker/beskrivelse/fjell-_og_bergverksarbeider
Flygeleder,flygeleder,Høyskoleyrker,3154,1462920,520,Videregående,https://utdanning.no/yrker/beskrivelse/flygeleder
Flyinstruktør,flyinstruktoer,Høyskoleyrker,3153,1421280,906,,https://utdanning.no/yrker/beskrivelse/flyinstruktor
Flyktningkonsulent,flyktningkonsulent,Høyskoleyrker,3412,632160,8232,Bachelor,https://utdanning.no/yrker/beskrivelse/flyktningkonsulent
Flymekaniker,flymekaniker,Håndverkere,7232,789720,193,Videregående,https://utdanning.no/yrker/beskrivelse/flymekaniker
Flymotormekaniker,flymotormekaniker,Håndverkere,7232,789720,193,Videregående,https://utdanning.no/yrker/beskrivelse/flymotormekaniker
Flystrukturmekaniker,flystrukturmekaniker,Håndverkere,7232,789720,193,Videregående,https://utdanning.no/yrker/beskrivelse/flystrukturmekaniker
Flysystemmekaniker,flysystemmekaniker,Håndverkere,7232,789720,193,Videregående,https://utdanning.no/yrker/beskrivelse/flysystemmekaniker
Flytekniker,flytekniker,Håndverkere,7232,789720,193,Fagbrev/fagskole,https://utdanning.no/yrker/beskrivelse/flytekniker
Forfatter,forfatter,Akademiske yrker,2641,795600,291,Bachelor,https://utdanning.no/yrker/beskrivelse/forfatter
Forgyller,forgyller,Håndverkere,7313,576000,71,,https://utdanning.no/yrker/beskrivelse/forgyller
Forlagsmedarbeider,forlagsmedarbeider,Akademiske yrker,2641,795600,291,Fagbrev/fagskole,https://utdanning.no/yrker/beskrivelse/forlagsmedarbeider
Forretningsutvikler,forretningsutvikler,Ledere,,,,,https://utdanning.no/yrker/beskrivelse/forretningsutvikler
Forsikringsrådgiver,forsikringsraadgiver,Kontoryrker,4312,702720,341,Bachelor,https://utdanning.no/yrker/beskrivelse/forsikringsradgiver
Forsker,forsker,Akademiske yrker,2310,752880,7620,Doktorgrad,https://utdanning.no/yrker/beskrivelse/forsker
Fotballdommer,fotballdommer,Høyskoleyrker,3422,564000,1407,,https://utdanning.no/yrker/beskrivelse/fotballdommer
Fotballspiller,fotballspiller,Høyskoleyrker,3421,504360,1084,Videregående,https://utdanning.no/yrker/beskrivelse/fotballspiller
Fotballtrener,fotballtrener,Høyskoleyrker,3422,564000,1407,Master,https://utdanning.no/yrker/beskrivelse/fotballtrener
Fotograf,fotograf,Høyskoleyrker,3431,662640,304,,https://utdanning.no/yrker/beskrivelse/fotograf
Fotojournalist,fotojournalist,Høyskoleyrker,3431,662640,304,,https://utdanning.no/yrker/beskrivelse/fotojournalist
Fotterapeut,fotterapeut,Salgs- og serviceyrker,5142,471960,485,Videregående,https://utdanning.no/yrker/beskrivelse/fotterapeut
Frisør,frisoer,Salgs- og serviceyrker,5141,476040,8767,Fagbrev/fagskole,https://utdanning.no/yrker/beskrivelse/frisor
Fylkesskogmester,fylkesskogmester,Ledere,1311,815280,163,,https://utdanning.no/yrker/beskrivelse/fylkesskogmester
Fysiker,fysiker,Akademiske yrker,2111,909480,174,,https://utdanning.no/yrker/beskrivelse/fysiker
Fysioterapeut,fysioterapeut,Akademiske yrker,2264,652200,3054,,https://utdanning.no/yrker/beskrivelse/fysioterapeut
Førerhundtrener,foererhundtrener,Salgs- og serviceyrker,5164,440040,354,,https://utdanning.no/yrker/beskrivelse/forerhundtrener
Førsteamanuensis,foersteamanuensis,Akademiske yrker,2310,752880,7620,Doktorgrad,https://utdanning.no/yrker/beskrivelse/forsteamanuensis
Gartner,gartner,"Bønder, fiskere mv.",6113,526320,2536,Fagbrev/fagskole,https://utdanning.no/yrker/beskrivelse/gartner
Garver,garver,Håndverkere,7535,572640,84,Videregående,https://utdanning.no/yrker/beskrivelse/garver
Geofysiker,geofysiker,Akademiske yrker,2114,1127880,553,Master,https://utdanning.no/yrker/beskrivelse/geofysiker
Geograf,geograf,Akademiske yrker,2114,1127880,553,Master,https://utdanning.no/yrker/beskrivelse/geograf
Geokjemiker,geokjemiker,Akademiske yrker,2113,940680,462,Doktorgrad,https://utdanning.no/yrker/beskrivelse/geokjemiker
Geolog,geolog,Akademiske yrker,2114,1127880,553,,https://utdanning.no/yrker/beskrivelse/geolog
Geriater,geriater,Akademiske yrker,2212,1285920,727,,https://utdanning.no/yrker/beskrivelse/geriater
Gestaltterapeut,gestaltterapeut,Høyskoleyrker,,,,,https://utdanning.no/yrker/beskrivelse/gestaltterapeut
Gipsmaker,gipsmaker,Håndverkere,7123,627120,14,Videregående,https://utdanning.no/yrker/beskrivelse/gipsmaker
Gjenvinningsoperatør,gjenvinningsoperatoer,"Renholdere, hjelpearbeidere mv.",9612,530400,1140,Videregående,https://utdanning.no/yrker/beskrivelse/gjenvinningsoperator
Gjørtler,gjoertler,Håndverkere,7211,558840,134,Videregående,https://utdanning.no/yrker/beskrivelse/gjortler
Glassblåser,glassblaaser,Håndverkere,7315,575160,68,Videregående,https://utdanning.no/yrker/beskrivelse/glassblaser
Glassfagarbeider,glassfagarbeider,Håndverkere,7125,565440,585,Videregående,https://utdanning.no/yrker/beskrivelse/glassfagarbeider
Grafisk designer,grafisk-designer,Akademiske yrker,2166,726240,951,Master,https://utdanning.no/yrker/beskrivelse/grafisk_designer
Gravferdskonsulent,gravferdskonsulent,Salgs- og serviceyrker,5163,633480,974,,https://utdanning.no/yrker/beskrivelse/gravferdskonsulent
Gravør,gravoer,Håndverkere,7313,576000,71,Videregående,https://utdanning.no/yrker/beskrivelse/gravor
Grunnskolelærer,grunnskolelaerer,Akademiske yrker,2341,705000,20101,Grunnskole,https://utdanning.no/yrker/beskrivelse/grunnskolelaerer
Gründer,gr-nder,Ledere,,,,Master,https://utdanning.no/yrker/beskrivelse/grunder
Guide,guide,Salgs- og serviceyrker,5113,506640,828,Videregående,https://utdanning.no/yrker/beskrivelse/guide
Gullsmed,gullsmed,Håndverkere,7313,576000,71,Videregående,https://utdanning.no/yrker/beskrivelse/gullsmed
Gynekolog,gynekolog,Akademiske yrker,2212,1285920,727,,https://utdanning.no/yrker/beskrivelse/gynekolog
HMS-ingeniør,hms-ingenioer,Høyskoleyrker,3257,829800,1381,,https://utdanning.no/yrker/beskrivelse/hms-ingenior
Havbrukstekniker,havbrukstekniker,"Bønder, fiskere mv.",6221,711240,2615,Videregående,https://utdanning.no/yrker/beskrivelse/havbrukstekniker
Havforsker,havforsker,Akademiske yrker,2131,823680,227,Master,https://utdanning.no/yrker/beskrivelse/havforsker
Havnesjef,havnesjef,Ledere,1324,950640,8822,,https://utdanning.no/yrker/beskrivelse/havnesjef
Heismontør,heismontoer,Håndverkere,7412,720960,774,Videregående,https://utdanning.no/yrker/beskrivelse/heismontor
Helsefagarbeider,helsefagarbeider,Salgs- og serviceyrker,5321,617160,31415,Videregående,https://utdanning.no/yrker/beskrivelse/helsefagarbeider
Helsesekretær,helsesekretaer,Høyskoleyrker,3256,548520,9231,Bachelor,https://utdanning.no/yrker/beskrivelse/helsesekretaer
Helsesykepleier,helsesykepleier,Akademiske yrker,2221,765720,3275,Bachelor,https://utdanning.no/yrker/beskrivelse/helsesykepleier
Hematolog,hematolog,Akademiske yrker,2212,1285920,727,,https://utdanning.no/yrker/beskrivelse/hematolog
Herreskredder,herreskredder,Håndverkere,7531,591000,78,Videregående,https://utdanning.no/yrker/beskrivelse/herreskredder
Hestefaglært,hestefaglaert,Høyskoleyrker,3423,530040,2208,Videregående,https://utdanning.no/yrker/beskrivelse/hestefaglaert
Historiker,historiker,Akademiske yrker,2633,700560,52,,https://utdanning.no/yrker/beskrivelse/historiker
Hjelpearbeider innen bygg og anlegg,hjelpearbeider-innen-bygg-og-anlegg,"Renholdere, hjelpearbeidere mv.",9312,582240,13636,Fagbrev/fagskole,https://utdanning.no/yrker/beskrivelse/hjelpearbeider_innen_bygg_og_anlegg
Hjelpearbeider innen industri og produksjon,hjelpearbeider-innen-industri-og-produksjon,"Renholdere, hjelpearbeidere mv.",9329,565080,3792,Fagbrev/fagskole,https://utdanning.no/yrker/beskrivelse/hjelpearbeider_innen_industri_og_produksjon
Hjemmehjelp,hjemmehjelp,Salgs- og serviceyrker,5322,508440,14321,Fagbrev/fagskole,https://utdanning.no/yrker/beskrivelse/hjemmehjelp
Hjulutrustningsreparatør,hjulutrustningsreparatoer,Håndverkere,7231,582000,5427,Videregående,https://utdanning.no/yrker/beskrivelse/hjulutrustningsreparator
Homeopat,homeopat,Høyskoleyrker,3230,660000,41,,https://utdanning.no/yrker/beskrivelse/homeopat
Hotelldirektør,hotelldirektoer,Ledere,1411,631320,748,Bachelor,https://utdanning.no/yrker/beskrivelse/hotelldirektor
Hotellmedarbeider,hotellmedarbeider,Kontoryrker,4224,475560,4150,,https://utdanning.no/yrker/beskrivelse/hotellmedarbeider
Hovmester,hovmester,Salgs- og serviceyrker,5131,448200,5704,,https://utdanning.no/yrker/beskrivelse/hovmester
Hovslager,hovslager,Håndverkere,7221,588120,138,Videregående,https://utdanning.no/yrker/beskrivelse/hovslager
Hudlege,hudlege,Akademiske yrker,2212,1285920,727,,https://utdanning.no/yrker/beskrivelse/hudlege
Hudterapeut,hudterapeut,Salgs- og serviceyrker,5142,471960,485,,https://utdanning.no/yrker/beskrivelse/hudterapeut
Husøkonom,husoekonom,Salgs- og serviceyrker,,,,,https://utdanning.no/yrker/beskrivelse/husokonom
Hydrolog,hydrolog,Akademiske yrker,2114,1127880,553,,https://utdanning.no/yrker/beskrivelse/hydrolog
Håndbokbinder,haandbokbinder,Håndverkere,7323,517320,207,Videregående,https://utdanning.no/yrker/beskrivelse/handbokbinder
Håndvever,haandvever,Håndverkere,7318,495720,102,Videregående,https://utdanning.no/yrker/beskrivelse/handvever
IKT-servicemedarbeider,ikt-servicemedarbeider,Høyskoleyrker,3512,693600,1657,,https://utdanning.no/yrker/beskrivelse/ikt-servicemedarbeider
IT-administrator,it-administrator,Akademiske yrker,2522,794880,790,Bachelor,https://utdanning.no/yrker/beskrivelse/it-administrator
IT-arkitekt,it-arkitekt,Akademiske yrker,2511,915960,11081,,https://utdanning.no/yrker/beskrivelse/it-arkitekt
IT-driftstekniker,it-driftstekniker,Høyskoleyrker,3511,776160,16135,,https://utdanning.no/yrker/beskrivelse/it-driftstekniker
IT-konsulent,it-konsulent,Høyskoleyrker,3512,693600,1657,,https://utdanning.no/yrker/beskrivelse/it-konsulent
IT-leder,it-leder,Ledere,1330,1182120,6046,,https://utdanning.no/yrker/beskrivelse/it-leder
IT-prosjektleder,it-prosjektleder,Akademiske yrker,2522,794880,790,,https://utdanning.no/yrker/beskrivelse/it-prosjektleder
IT-utvikler (fagbrev),it-utvikler-fagbrev,Akademiske yrker,2513,750000,378,,https://utdanning.no/yrker/beskrivelse/it-utvikler_fagbrev
Idrettskonsulent,idrettskonsulent,Høyskoleyrker,3359,630480,3172,Bachelor,https://utdanning.no/yrker/beskrivelse/idrettskonsulent
Idrettstrener,idrettstrener,Høyskoleyrker,3422,564000,1407,Bachelor,https://utdanning.no/yrker/beskrivelse/idrettstrener
Idrettsutøver,idrettsutoever,Høyskoleyrker,3421,504360,1084,Bachelor,https://utdanning.no/yrker/beskrivelse/idrettsutover
Illustratør,illustratoer,Akademiske yrker,,,,,https://utdanning.no/yrker/beskrivelse/illustrator
Indremedisiner,indremedisiner,Akademiske yrker,2212,1285920,727,,https://utdanning.no/yrker/beskrivelse/indremedisiner
Industridesigner,industridesigner,Akademiske yrker,2163,752040,219,,https://utdanning.no/yrker/beskrivelse/industridesigner
Industriell overflatebehandler,industriell-overflatebehandler,Håndverkere,7132,584280,953,Videregående,https://utdanning.no/yrker/beskrivelse/industriell_overflatebehandler
Industrimaler,industrimaler,Håndverkere,7132,584280,953,Videregående,https://utdanning.no/yrker/beskrivelse/industrimaler
Industrimekaniker,industrimekaniker,Håndverkere,7233,642480,4339,Videregående,https://utdanning.no/yrker/beskrivelse/industrimekaniker
Industrimontør,industrimontoer,"Prosess- og maskinoperatører, transportarbeidere mv.",8211,578760,1818,,https://utdanning.no/yrker/beskrivelse/industrimontor
Industrioppmåler,industrioppmaaler,Høyskoleyrker,,,,Videregående,https://utdanning.no/yrker/beskrivelse/industrioppmaler
Industrirørlegger,industriroerlegger,Håndverkere,7126,645000,4421,Videregående,https://utdanning.no/yrker/beskrivelse/industrirorlegger
Industrisnekker,industrisnekker,"Prosess- og maskinoperatører, transportarbeidere mv.",8171,554520,697,Videregående,https://utdanning.no/yrker/beskrivelse/industrisnekker
Industritapetserer,industritapetserer,Håndverkere,7534,558240,74,Videregående,https://utdanning.no/yrker/beskrivelse/industritapetserer
Influenser,influenser,Akademiske yrker,,,,,https://utdanning.no/yrker/beskrivelse/influenser
Ingeniør,ingenioer,Høyskoleyrker,3119,825360,29295,,https://utdanning.no/yrker/beskrivelse/ingenior
Ingeniør i energi og miljø i bygg,ingenioer-i-energi-og-miljoe-i-bygg,Akademiske yrker,2143,944280,541,Bachelor,https://utdanning.no/yrker/beskrivelse/ingenior_i_energi_og_miljo_i_bygg
Innholdsprodusent,innholdsprodusent,Akademiske yrker,2432,771960,1503,,https://utdanning.no/yrker/beskrivelse/innholdsprodusent
Innkjøper,innkjoeper,Høyskoleyrker,3323,786480,7732,,https://utdanning.no/yrker/beskrivelse/innkjoper
Inspisient,inspisient,Høyskoleyrker,3439,645000,908,,https://utdanning.no/yrker/beskrivelse/inspisient
Instrumentalpedagog,instrumentalpedagog,Akademiske yrker,2354,680160,775,Bachelor,https://utdanning.no/yrker/beskrivelse/instrumentalpedagog
Intensivsykepleier,intensivsykepleier,Akademiske yrker,2221,765720,3275,Master,https://utdanning.no/yrker/beskrivelse/intensivsykepleier
Interaksjonsdesigner,interaksjonsdesigner,Akademiske yrker,2166,726240,951,Bachelor,https://utdanning.no/yrker/beskrivelse/interaksjonsdesigner
Interiørarkitekt,interioerarkitekt,Akademiske yrker,2161,900120,3134,Master,https://utdanning.no/yrker/beskrivelse/interiorarkitekt
Interiørkonsulent,interioerkonsulent,Høyskoleyrker,3432,574800,534,Bachelor,https://utdanning.no/yrker/beskrivelse/interiorkonsulent
Isolatør,isolatoer,Håndverkere,7124,572880,886,Videregående,https://utdanning.no/yrker/beskrivelse/isolator
Jobbveileder,jobbveileder,Høyskoleyrker,3333,617280,2303,,https://utdanning.no/yrker/beskrivelse/jobbveileder
Jordmor,jordmor,Akademiske yrker,2222,835920,2813,Bachelor,https://utdanning.no/yrker/beskrivelse/jordmor
Journalist,journalist,Akademiske yrker,2642,775560,3752,,https://utdanning.no/yrker/beskrivelse/journalist
Jurist,jurist,Akademiske yrker,2619,875040,596,Doktorgrad,https://utdanning.no/yrker/beskrivelse/jurist
Kabinpersonale fly,kabinpersonale-fly,Salgs- og serviceyrker,5111,498120,2394,,https://utdanning.no/yrker/beskrivelse/kabinpersonale_fly
Kantinemedarbeider,kantinemedarbeider,"Renholdere, hjelpearbeidere mv.",9412,457680,19360,,https://utdanning.no/yrker/beskrivelse/kantinemedarbeider
Kaptein,kaptein,Høyskoleyrker,3152,960000,1393,,https://utdanning.no/yrker/beskrivelse/kaptein
Kardiolog,kardiolog,Akademiske yrker,2212,1285920,727,,https://utdanning.no/yrker/beskrivelse/kardiolog
Karriereveileder,karriereveileder,Akademiske yrker,2423,797760,8006,Bachelor,https://utdanning.no/yrker/beskrivelse/karriereveileder
Kateket,kateket,Akademiske yrker,2636,774000,1097,Master,https://utdanning.no/yrker/beskrivelse/kateket
Keramiker,keramiker,Håndverkere,7314,575160,28,Bachelor,https://utdanning.no/yrker/beskrivelse/keramiker
Kirketjener,kirketjener,Salgs- og serviceyrker,5153,578280,7129,,https://utdanning.no/yrker/beskrivelse/kirketjener
Kirkeverge,kirkeverge,Ledere,,,,Bachelor,https://utdanning.no/yrker/beskrivelse/kirkeverge
Kiropraktor,kiropraktor,Akademiske yrker,2269,790800,374,Master,https://utdanning.no/yrker/beskrivelse/kiropraktor
Kirurg,kirurg,Akademiske yrker,2212,1285920,727,,https://utdanning.no/yrker/beskrivelse/kirurg
Kjemiingeniør,kjemiingenioer,Høyskoleyrker,3116,795720,2772,,https://utdanning.no/yrker/beskrivelse/kjemiingenior
Kjemiker,kjemiker,Akademiske yrker,2113,940680,462,,https://utdanning.no/yrker/beskrivelse/kjemiker
Kjeveortoped,kjeveortoped,Akademiske yrker,2261,900000,1512,,https://utdanning.no/yrker/beskrivelse/kjeveortoped
Kjole- og draktsyer,kjole-og-draktsyer,Håndverkere,7531,591000,78,Videregående,https://utdanning.no/yrker/beskrivelse/kjole-_og_draktsyer
Kjøkkensjef,kjoekkensjef,Høyskoleyrker,3434,574200,3133,Fagbrev/fagskole,https://utdanning.no/yrker/beskrivelse/kjokkensjef
Kjøttskjærer,kjoettskjaerer,Håndverkere,7511,535800,381,Videregående,https://utdanning.no/yrker/beskrivelse/kjottskjaerer
Klesdesigner,klesdesigner,Akademiske yrker,2163,752040,219,Master,https://utdanning.no/yrker/beskrivelse/klesdesigner
Klinisk ernæringsfysiolog,klinisk-ernaeringsfysiolog,Akademiske yrker,2265,712560,991,Bachelor,https://utdanning.no/yrker/beskrivelse/klinisk_ernaeringsfysiolog
Klinisk sosionom,klinisk-sosionom,Akademiske yrker,2635,672000,3832,Bachelor,https://utdanning.no/yrker/beskrivelse/klinisk_sosionom
Kokk,kokk,Salgs- og serviceyrker,5120,499320,11002,Videregående,https://utdanning.no/yrker/beskrivelse/kokk
Kommunikasjonsrådgiver,kommunikasjonsraadgiver,Akademiske yrker,2432,771960,1503,Master,https://utdanning.no/yrker/beskrivelse/kommunikasjonsradgiver
Komponist,komponist,Akademiske yrker,2652,740520,380,,https://utdanning.no/yrker/beskrivelse/komponist
Komposittbåtbygger,komposittbaatbygger,"Prosess- og maskinoperatører, transportarbeidere mv.",8142,558120,571,Videregående,https://utdanning.no/yrker/beskrivelse/komposittbatbygger
Konditor,konditor,Håndverkere,7512,509880,766,Videregående,https://utdanning.no/yrker/beskrivelse/konditor
Konduktør,konduktoer,Salgs- og serviceyrker,5112,795960,1381,,https://utdanning.no/yrker/beskrivelse/konduktor
Konservator,konservator,Akademiske yrker,2621,672960,268,Doktorgrad,https://utdanning.no/yrker/beskrivelse/konservator
Konsulent,konsulent,Akademiske yrker,2424,783360,1110,Bachelor,https://utdanning.no/yrker/beskrivelse/konsulent
Konsulent i offentlig sektor,konsulent-i-offentlig-sektor,Akademiske yrker,2422,739560,22579,Master,https://utdanning.no/yrker/beskrivelse/konsulent_i_offentlig_sektor
Koreograf,koreograf,Akademiske yrker,2653,656040,91,Master,https://utdanning.no/yrker/beskrivelse/koreograf
Kostymesyer,kostymesyer,Håndverkere,7531,591000,78,,https://utdanning.no/yrker/beskrivelse/kostymesyer
Kostøkonom,kostoekonom,Høyskoleyrker,,,,,https://utdanning.no/yrker/beskrivelse/kostokonom
Kreftsykepleier,kreftsykepleier,Akademiske yrker,2221,765720,3275,Master,https://utdanning.no/yrker/beskrivelse/kreftsykepleier
Kriminolog,kriminolog,Akademiske yrker,2632,820320,232,,https://utdanning.no/yrker/beskrivelse/kriminolog
Kulde- og varmepumpetekniker,kulde-og-varmepumpetekniker,Håndverkere,7127,681960,1412,,https://utdanning.no/yrker/beskrivelse/kulde-_og_varmepumpetekniker
Kulturhistoriker / kulturviter,kulturhistoriker-kulturviter,Akademiske yrker,2633,700560,52,Doktorgrad,https://utdanning.no/yrker/beskrivelse/kulturhistoriker_kulturviter
Kulturskolelærer,kulturskolelaerer,Akademiske yrker,,,,,https://utdanning.no/yrker/beskrivelse/kulturskolelaerer
Kundeansvarlig (salg),kundeansvarlig-salg,Høyskoleyrker,3322,778680,44090,Bachelor,https://utdanning.no/yrker/beskrivelse/kundeansvarlig_salg
Kunderådgiver i bank,kunderaadgiver-i-bank,Høyskoleyrker,3312,757560,14742,Bachelor,https://utdanning.no/yrker/beskrivelse/kunderadgiver_i_bank
Kunst- og kulturformidler,kunst-og-kulturformidler,Akademiske yrker,2621,672960,268,,https://utdanning.no/yrker/beskrivelse/kunst-_og_kulturformidler
Kunsthistoriker,kunsthistoriker,Akademiske yrker,2633,700560,52,,https://utdanning.no/yrker/beskrivelse/kunsthistoriker
Kunsthåndverker,kunsthaandverker,Håndverkere,7319,549000,164,Master,https://utdanning.no/yrker/beskrivelse/kunsthandverker
Kunstner,kunstner,Akademiske yrker,2651,606120,178,,https://utdanning.no/yrker/beskrivelse/kunstner
Kurator,kurator,Akademiske yrker,2621,672960,268,Master,https://utdanning.no/yrker/beskrivelse/kurator
Kurvmaker,kurvmaker,Håndverkere,,,,Videregående,https://utdanning.no/yrker/beskrivelse/kurvmaker
Kystskipper,kystskipper,Høyskoleyrker,3152,960000,1393,Fagbrev/fagskole,https://utdanning.no/yrker/beskrivelse/kystskipper
Laborant,laborant,Høyskoleyrker,3212,675240,3595,Videregående,https://utdanning.no/yrker/beskrivelse/laborant
Landbruksdirektør,landbruksdirektoer,Ledere,1311,815280,163,,https://utdanning.no/yrker/beskrivelse/landbruksdirektor
Landbruksmaskinmekaniker,landbruksmaskinmekaniker,Håndverkere,7233,642480,4339,Videregående,https://utdanning.no/yrker/beskrivelse/landbruksmaskinmekaniker
Landbruksrådgiver,landbruksraadgiver,Akademiske yrker,,,,Bachelor,https://utdanning.no/yrker/beskrivelse/landbruksradgiver
Landbrukssjef,landbrukssjef,Ledere,1311,815280,163,Ingen formelle krav,https://utdanning.no/yrker/beskrivelse/landbrukssjef
Landmåler,landmaaler,Akademiske yrker,2165,765720,858,Master,https://utdanning.no/yrker/beskrivelse/landmaler
Landskapsarkitekt,landskapsarkitekt,Akademiske yrker,2162,870000,933,,https://utdanning.no/yrker/beskrivelse/landskapsarkitekt
Lastebilsjåfør,lastebilsjaafoer,"Prosess- og maskinoperatører, transportarbeidere mv.",8322,498840,4998,Videregående,https://utdanning.no/yrker/beskrivelse/lastebilsjafor
Leder,leder,Ledere,1420,664680,16980,,https://utdanning.no/yrker/beskrivelse/leder
Lege,lege,Akademiske yrker,2211,996960,3734,Bachelor,https://utdanning.no/yrker/beskrivelse/lege
Legemiddelkonsulent,legemiddelkonsulent,Akademiske yrker,2433,913440,2997,,https://utdanning.no/yrker/beskrivelse/legemiddelkonsulent
Lektor,lektor,Akademiske yrker,2330,743160,13472,Master,https://utdanning.no/yrker/beskrivelse/lektor
Lingvist,lingvist,Akademiske yrker,2643,647880,431,,https://utdanning.no/yrker/beskrivelse/lingvist
Litteraturviter,litteraturviter,Akademiske yrker,2330,743160,13472,,https://utdanning.no/yrker/beskrivelse/litteraturviter
Logistikkoperatør,logistikkoperatoer,Kontoryrker,4322,674400,11190,Videregående,https://utdanning.no/yrker/beskrivelse/logistikkoperator
Logoped,logoped,Akademiske yrker,2266,652920,366,Master,https://utdanning.no/yrker/beskrivelse/logoped
Lokomotivfører,lokomotivfoerer,"Prosess- og maskinoperatører, transportarbeidere mv.",8311,899280,2099,Fagbrev/fagskole,https://utdanning.no/yrker/beskrivelse/lokomotivforer
Los,los,Høyskoleyrker,3152,960000,1393,,https://utdanning.no/yrker/beskrivelse/los
Lufthavnbetjent,lufthavnbetjent,Kontoryrker,4323,662760,2362,Fagbrev/fagskole,https://utdanning.no/yrker/beskrivelse/lufthavnbetjent
Lungespesialist,lungespesialist,Akademiske yrker,2212,1285920,727,,https://utdanning.no/yrker/beskrivelse/lungespesialist
Lydkunstner,lydkunstner,Akademiske yrker,,,,Bachelor,https://utdanning.no/yrker/beskrivelse/lydkunstner
Lydtekniker,lydtekniker,Høyskoleyrker,3521,695040,722,Bachelor,https://utdanning.no/yrker/beskrivelse/lydtekniker
Lystekniker,lystekniker,Høyskoleyrker,,,,Bachelor,https://utdanning.no/yrker/beskrivelse/lystekniker
Låsesmed,laasesmed,Håndverkere,7222,629520,646,,https://utdanning.no/yrker/beskrivelse/lasesmed
Lærer,laerer,Akademiske yrker,2341,705000,20101,,https://utdanning.no/yrker/beskrivelse/laerer
Maler,maler,Håndverkere,7131,550800,6545,Videregående,https://utdanning.no/yrker/beskrivelse/maler
Manuellterapeut,manuellterapeut,Akademiske yrker,2264,652200,3054,Master,https://utdanning.no/yrker/beskrivelse/manuellterapeut
Marin bioteknolog,marin-bioteknolog,Akademiske yrker,2131,823680,227,Bachelor,https://utdanning.no/yrker/beskrivelse/marin_bioteknolog
Marinbiolog,marinbiolog,Akademiske yrker,2131,823680,227,Doktorgrad,https://utdanning.no/yrker/beskrivelse/marinbiolog
Maritim elektriker,maritim-elektriker,Håndverkere,7412,720960,774,Fagbrev/fagskole,https://utdanning.no/yrker/beskrivelse/maritim_elektriker
Markedsfører,markedsfoerer,Akademiske yrker,2431,729600,9185,Bachelor,https://utdanning.no/yrker/beskrivelse/markedsforer
Markedssjef,markedssjef,Ledere,1222,997560,930,,https://utdanning.no/yrker/beskrivelse/markedssjef
Maskiningeniør,maskiningenioer,Høyskoleyrker,3115,785280,8733,Master,https://utdanning.no/yrker/beskrivelse/maskiningenior
Maskinist,maskinist,Høyskoleyrker,3151,975720,1552,Fagbrev/fagskole,https://utdanning.no/yrker/beskrivelse/maskinist
Maskinsjef,maskinsjef,Høyskoleyrker,3151,975720,1552,Bachelor,https://utdanning.no/yrker/beskrivelse/maskinsjef
Maskør og parykkmaker,maskoer-og-parykkmaker,Håndverkere,7531,591000,78,Fagbrev/fagskole,https://utdanning.no/yrker/beskrivelse/maskor_og_parykkmaker
Massasjeterapeut,massasjeterapeut,Salgs- og serviceyrker,,,,,https://utdanning.no/yrker/beskrivelse/massasjeterapeut
Matematiker,matematiker,Akademiske yrker,2120,796800,586,Master,https://utdanning.no/yrker/beskrivelse/matematiker
Matros,matros,"Prosess- og maskinoperatører, transportarbeidere mv.",8350,707280,2976,Videregående,https://utdanning.no/yrker/beskrivelse/matros
Mattekniker,mattekniker,Høyskoleyrker,3257,829800,1381,Fagbrev/fagskole,https://utdanning.no/yrker/beskrivelse/mattekniker
Matteknolog,matteknolog,Høyskoleyrker,3257,829800,1381,,https://utdanning.no/yrker/beskrivelse/matteknolog
Mediedesigner,mediedesigner,Akademiske yrker,2166,726240,951,Videregående,https://utdanning.no/yrker/beskrivelse/mediedesigner
Mediegrafiker,mediegrafiker,Håndverkere,7321,568200,397,Fagbrev/fagskole,https://utdanning.no/yrker/beskrivelse/mediegrafiker
Medietekniker,medietekniker,Høyskoleyrker,3521,695040,722,,https://utdanning.no/yrker/beskrivelse/medietekniker
Megler,megler,Akademiske yrker,2412,896160,3251,,https://utdanning.no/yrker/beskrivelse/megler
Mekaniker,mekaniker,Håndverkere,7412,720960,774,,https://utdanning.no/yrker/beskrivelse/mekaniker
Menighetspedagog,menighetspedagog,Høyskoleyrker,3413,613320,708,Bachelor,https://utdanning.no/yrker/beskrivelse/menighetspedagog
Meteorolog,meteorolog,Akademiske yrker,2112,800280,298,Master,https://utdanning.no/yrker/beskrivelse/meteorolog
Mikrobiolog,mikrobiolog,Akademiske yrker,2131,823680,227,Bachelor,https://utdanning.no/yrker/beskrivelse/mikrobiolog
Miljøarbeider,miljoearbeider,Høyskoleyrker,3412,632160,8232,Bachelor,https://utdanning.no/yrker/beskrivelse/miljoarbeider
Miljørådgiver,miljoeraadgiver,Akademiske yrker,2133,797160,566,,https://utdanning.no/yrker/beskrivelse/miljoradgiver
Miljøterapeut,miljoeterapeut,Salgs- og serviceyrker,5321,617160,31415,Fagbrev/fagskole,https://utdanning.no/yrker/beskrivelse/miljoterapeut
Misjonær,misjonaer,Høyskoleyrker,3413,613320,708,Master,https://utdanning.no/yrker/beskrivelse/misjonaer
Modell,modell,Salgs- og serviceyrker,5241,427200,42,,https://utdanning.no/yrker/beskrivelse/modell
Modellbygger,modellbygger,Håndverkere,,,,Videregående,https://utdanning.no/yrker/beskrivelse/modellbygger
Modist,modist,Håndverkere,7531,591000,78,Videregående,https://utdanning.no/yrker/beskrivelse/modist
Motormekaniker,motormekaniker,Håndverkere,7233,642480,4339,Videregående,https://utdanning.no/yrker/beskrivelse/motormekaniker
Motorsykkelmekaniker,motorsykkelmekaniker,Håndverkere,7231,582000,5427,Videregående,https://utdanning.no/yrker/beskrivelse/motorsykkelmekaniker
Mur-og flislegger,mur-og-flislegger,Håndverkere,7112,584520,3770,Videregående,https://utdanning.no/yrker/beskrivelse/mur-og_flislegger
Museumsformidler,museumsformidler,Akademiske yrker,2621,672960,268,,https://utdanning.no/yrker/beskrivelse/museumsformidler
Musiker,musiker,Akademiske yrker,2652,740520,380,Bachelor,https://utdanning.no/yrker/beskrivelse/musiker
Musikkpedagog,musikkpedagog,Akademiske yrker,2354,680160,775,,https://utdanning.no/yrker/beskrivelse/musikkpedagog
Musikkprodusent,musikkprodusent,Akademiske yrker,2652,740520,380,Bachelor,https://utdanning.no/yrker/beskrivelse/musikkprodusent
Musikkterapeut,musikkterapeut,Akademiske yrker,2354,680160,775,,https://utdanning.no/yrker/beskrivelse/musikkterapeut
Møbeldesigner,moebeldesigner,Akademiske yrker,2163,752040,219,,https://utdanning.no/yrker/beskrivelse/mobeldesigner
Møbelsnekker,moebelsnekker,Håndverkere,7522,543600,1865,Videregående,https://utdanning.no/yrker/beskrivelse/mobelsnekker
Møbeltapetserer,moebeltapetserer,Håndverkere,7534,558240,74,Videregående,https://utdanning.no/yrker/beskrivelse/mobeltapetserer
NDT-kontrollør,ndt-kontrolloer,Håndverkere,7212,606000,2622,Videregående,https://utdanning.no/yrker/beskrivelse/ndt-kontrollor
Naprapat,naprapat,Høyskoleyrker,,,,,https://utdanning.no/yrker/beskrivelse/naprapat
Naturforvalter,naturforvalter,Akademiske yrker,2133,797160,566,,https://utdanning.no/yrker/beskrivelse/naturforvalter
Nautisk instrumentmaker,nautisk-instrumentmaker,Håndverkere,7311,665160,107,Fagbrev/fagskole,https://utdanning.no/yrker/beskrivelse/nautisk_instrumentmaker
Negledesigner,negledesigner,Salgs- og serviceyrker,5142,471960,485,,https://utdanning.no/yrker/beskrivelse/negledesigner
Nettverkstekniker,nettverkstekniker,Høyskoleyrker,3513,857880,396,Bachelor,https://utdanning.no/yrker/beskrivelse/nettverkstekniker
Nevrolog,nevrolog,Akademiske yrker,2212,1285920,727,,https://utdanning.no/yrker/beskrivelse/nevrolog
Nevrosykepleier,nevrosykepleier,Akademiske yrker,2221,765720,3275,Bachelor,https://utdanning.no/yrker/beskrivelse/nevrosykepleier
Nukleærmedisiner,nukleaermedisiner,Akademiske yrker,2212,1285920,727,,https://utdanning.no/yrker/beskrivelse/nukleaermedisiner
Nyrelege,nyrelege,Akademiske yrker,2212,1285920,727,,https://utdanning.no/yrker/beskrivelse/nyrelege
Obduksjonstekniker,obduksjonstekniker,Høyskoleyrker,,,,,https://utdanning.no/yrker/beskrivelse/obduksjonstekniker
Onkolog,onkolog,Akademiske yrker,2212,1285920,727,,https://utdanning.no/yrker/beskrivelse/onkolog
Operasjonssykepleier,operasjonssykepleier,Akademiske yrker,2221,765720,3275,Master,https://utdanning.no/yrker/beskrivelse/operasjonssykepleier
Optiker,optiker,Høyskoleyrker,3254,671280,714,Bachelor,https://utdanning.no/yrker/beskrivelse/optiker
Optroniker,optroniker,Håndverkere,7311,665160,107,Videregående,https://utdanning.no/yrker/beskrivelse/optroniker
Organist/Kantor,organist-kantor,Akademiske yrker,2652,740520,380,Bachelor,https://utdanning.no/yrker/beskrivelse/organist_kantor
Orgelbygger,orgelbygger,Håndverkere,,,,Videregående,https://utdanning.no/yrker/beskrivelse/orgelbygger
Ornitolog,ornitolog,Akademiske yrker,2131,823680,227,,https://utdanning.no/yrker/beskrivelse/ornitolog
Ortopediingeniør,ortopediingenioer,Høyskoleyrker,3214,691560,341,Bachelor,https://utdanning.no/yrker/beskrivelse/ortopediingenior
Ortopeditekniker,ortopeditekniker,Høyskoleyrker,3214,691560,341,Videregående,https://utdanning.no/yrker/beskrivelse/ortopeditekniker
Ortoptist,ortoptist,Høyskoleyrker,3254,671280,714,Bachelor,https://utdanning.no/yrker/beskrivelse/ortoptist
Oseanograf,oseanograf,Akademiske yrker,2114,1127880,553,,https://utdanning.no/yrker/beskrivelse/oseanograf
Osteopat,osteopat,Høyskoleyrker,,,,Bachelor,https://utdanning.no/yrker/beskrivelse/osteopat
Oversetter,oversetter,Akademiske yrker,2643,647880,431,Master,https://utdanning.no/yrker/beskrivelse/oversetter
Overstyrmann,overstyrmann,Høyskoleyrker,3152,960000,1393,Fagbrev/fagskole,https://utdanning.no/yrker/beskrivelse/overstyrmann
Paleontolog,paleontolog,Akademiske yrker,,,,,https://utdanning.no/yrker/beskrivelse/paleontolog
Patolog,patolog,Akademiske yrker,2212,1285920,727,,https://utdanning.no/yrker/beskrivelse/patolog
Pedagog,pedagog,Akademiske yrker,2351,791760,2034,Bachelor,https://utdanning.no/yrker/beskrivelse/pedagog
Pedagogisk-psykologisk rådgiver (PP-rådgiver),pedagogisk-psykologisk-raadgiver-pp-raadgiver,Akademiske yrker,2634,795240,3163,,https://utdanning.no/yrker/beskrivelse/pedagogisk-psykologisk_radgiver_pp-radgiver
Perfusjonist,perfusjonist,Akademiske yrker,2221,765720,3275,Master,https://utdanning.no/yrker/beskrivelse/perfusjonist
Personalrådgiver,personalraadgiver,Akademiske yrker,2423,797760,8006,Bachelor,https://utdanning.no/yrker/beskrivelse/personalradgiver
Personalsjef,personalsjef,Ledere,1212,1160040,2328,Bachelor,https://utdanning.no/yrker/beskrivelse/personalsjef
Personlig assistent,personlig-assistent,Salgs- og serviceyrker,5169,501600,384,Ingen formelle krav,https://utdanning.no/yrker/beskrivelse/personlig_assistent
Personlig trener,personlig-trener,Høyskoleyrker,3423,530040,2208,Bachelor,https://utdanning.no/yrker/beskrivelse/personlig_trener
Petroleumsingeniør,petroleumsingenioer,Akademiske yrker,2146,1182000,5788,Master,https://utdanning.no/yrker/beskrivelse/petroleumsingenior
Pianostemmer,pianostemmer,Håndverkere,7312,575160,64,Bachelor,https://utdanning.no/yrker/beskrivelse/pianostemmer
Pilot,pilot,Høyskoleyrker,3153,1421280,906,Bachelor,https://utdanning.no/yrker/beskrivelse/pilot
Planteinspektør,planteinspektoer,Høyskoleyrker,3257,829800,1381,,https://utdanning.no/yrker/beskrivelse/planteinspektor
Planteviter,planteviter,Akademiske yrker,,,,,https://utdanning.no/yrker/beskrivelse/planteviter
Platearbeider,platearbeider,Håndverkere,7214,587400,1873,Videregående,https://utdanning.no/yrker/beskrivelse/platearbeider
Pleiemedarbeider,pleiemedarbeider,Salgs- og serviceyrker,5329,540840,23290,Fagbrev/fagskole,https://utdanning.no/yrker/beskrivelse/pleiemedarbeider
Politi,politi,Høyskoleyrker,3355,767040,4046,,https://utdanning.no/yrker/beskrivelse/politi
Politibetjent,politibetjent,Høyskoleyrker,3355,767040,4046,Bachelor,https://utdanning.no/yrker/beskrivelse/politibetjent
Politijurist,politijurist,Akademiske yrker,2619,875040,596,Master,https://utdanning.no/yrker/beskrivelse/politijurist
Politiker,politiker,Ledere,1111,1064160,1197,,https://utdanning.no/yrker/beskrivelse/politiker
Portør,portoer,Salgs- og serviceyrker,5329,540840,23290,Videregående,https://utdanning.no/yrker/beskrivelse/portor
Postbud,postbud,Kontoryrker,4412,540720,3198,,https://utdanning.no/yrker/beskrivelse/postbud
Prest,prest,Akademiske yrker,2636,774000,1097,Master,https://utdanning.no/yrker/beskrivelse/prest
Produksjonselektroniker,produksjonselektroniker,"Prosess- og maskinoperatører, transportarbeidere mv.",8212,597960,4791,Videregående,https://utdanning.no/yrker/beskrivelse/produksjonselektroniker
Produktleder,produktleder,Akademiske yrker,2432,771960,1503,Bachelor,https://utdanning.no/yrker/beskrivelse/produktleder
Produktutvikler fiskefôr,produktutvikler-fiskef-r,"Prosess- og maskinoperatører, transportarbeidere mv.",8160,521760,8485,,https://utdanning.no/yrker/beskrivelse/produktutvikler_fiskefor
Professor,professor,Akademiske yrker,2310,752880,7620,Doktorgrad,https://utdanning.no/yrker/beskrivelse/professor
Profileringsdesigner,profileringsdesigner,Akademiske yrker,,,,,https://utdanning.no/yrker/beskrivelse/profileringsdesigner
Prosessingeniør,prosessingenioer,Høyskoleyrker,3114,849960,15127,Master,https://utdanning.no/yrker/beskrivelse/prosessingenior
Prosjektleder,prosjektleder,Ledere,,,,,https://utdanning.no/yrker/beskrivelse/prosjektleder
Psykiater,psykiater,Akademiske yrker,2212,1285920,727,,https://utdanning.no/yrker/beskrivelse/psykiater
Psykolog,psykolog,Akademiske yrker,2634,795240,3163,,https://utdanning.no/yrker/beskrivelse/psykolog
Psykoterapeut,psykoterapeut,Høyskoleyrker,3230,660000,41,,https://utdanning.no/yrker/beskrivelse/psykoterapeut
Pølsemaker,poelsemaker,Håndverkere,7511,535800,381,Videregående,https://utdanning.no/yrker/beskrivelse/polsemaker
Radiograf,radiograf,Høyskoleyrker,3211,696960,3149,,https://utdanning.no/yrker/beskrivelse/radiograf
Radiolog,radiolog,Akademiske yrker,2212,1285920,727,,https://utdanning.no/yrker/beskrivelse/radiolog
Redaktør,redaktoer,Akademiske yrker,2642,775560,3752,,https://utdanning.no/yrker/beskrivelse/redaktor
Redningsmann,redningsmann,Salgs- og serviceyrker,,,,,https://utdanning.no/yrker/beskrivelse/redningsmann
Regissør,regissoer,Akademiske yrker,2654,750000,642,Bachelor,https://utdanning.no/yrker/beskrivelse/regissor
Regnskapsfører,regnskapsfoerer,Høyskoleyrker,3313,738000,9758,Bachelor,https://utdanning.no/yrker/beskrivelse/regnskapsforer
Reindriftsutøver,reindriftsutoever,"Bønder, fiskere mv.",6121,457920,1594,Fagbrev/fagskole,https://utdanning.no/yrker/beskrivelse/reindriftsutover
Reiseleder,reiseleder,Salgs- og serviceyrker,5113,506640,828,Videregående,https://utdanning.no/yrker/beskrivelse/reiseleder
Reiselivsmedarbeider,reiselivsmedarbeider,Kontoryrker,4221,565440,4400,Videregående,https://utdanning.no/yrker/beskrivelse/reiselivsmedarbeider
Rektor/skoleleder,rektor-skoleleder,Ledere,1345,907320,11303,Bachelor,https://utdanning.no/yrker/beskrivelse/rektor_skoleleder
Rekvisitør,rekvisitoer,Høyskoleyrker,3432,574800,534,,https://utdanning.no/yrker/beskrivelse/rekvisitor
Renholdsoperatør,renholdsoperatoer,"Renholdere, hjelpearbeidere mv.",9112,494160,56967,Videregående,https://utdanning.no/yrker/beskrivelse/renholdsoperator
Repslager,repslager,Håndverkere,,,,,https://utdanning.no/yrker/beskrivelse/repslager
Resepsjonist,resepsjonist,Kontoryrker,4224,475560,4150,Videregående,https://utdanning.no/yrker/beskrivelse/resepsjonist
Reservedelsekspeditør,reservedelsekspeditoer,Salgs- og serviceyrker,5223,504240,40647,Videregående,https://utdanning.no/yrker/beskrivelse/reservedelsekspeditor
Revisor,revisor,Akademiske yrker,2411,867600,14913,Master,https://utdanning.no/yrker/beskrivelse/revisor
Revmatolog,revmatolog,Akademiske yrker,2212,1285920,727,,https://utdanning.no/yrker/beskrivelse/revmatolog
Ridelærer,ridelaerer,Høyskoleyrker,3422,564000,1407,Fagbrev/fagskole,https://utdanning.no/yrker/beskrivelse/ridelaerer
Romteknolog,romteknolog,Akademiske yrker,2111,909480,174,Videregående,https://utdanning.no/yrker/beskrivelse/romteknolog
Rådgiver i offentlig sektor,raadgiver-i-offentlig-sektor,Akademiske yrker,2422,739560,22579,Bachelor,https://utdanning.no/yrker/beskrivelse/radgiver_i_offentlig_sektor
Røkter,roekter,"Bønder, fiskere mv.",612,462960,3542,Fagbrev/fagskole,https://utdanning.no/yrker/beskrivelse/rokter
Rørlegger,roerlegger,Håndverkere,7126,645000,4421,Videregående,https://utdanning.no/yrker/beskrivelse/rorlegger
Røykdykker,roeykdykker,Salgs- og serviceyrker,5411,726120,1938,Fagbrev/fagskole,https://utdanning.no/yrker/beskrivelse/roykdykker
Saksbehandler,saksbehandler,Høyskoleyrker,3359,630480,3172,,https://utdanning.no/yrker/beskrivelse/saksbehandler
Salgsmedarbeider,salgsmedarbeider,Salgs- og serviceyrker,5223,504240,40647,Videregående,https://utdanning.no/yrker/beskrivelse/salgsmedarbeider
Salgssjef,salgssjef,Ledere,1221,1070040,15949,Bachelor,https://utdanning.no/yrker/beskrivelse/salgssjef
Salmaker,salmaker,Håndverkere,7534,558240,74,Videregående,https://utdanning.no/yrker/beskrivelse/salmaker
Samfunnsgeograf,samfunnsgeograf,Akademiske yrker,2632,820320,232,,https://utdanning.no/yrker/beskrivelse/samfunnsgeograf
Samfunnsmedisiner,samfunnsmedisiner,Akademiske yrker,2212,1285920,727,,https://utdanning.no/yrker/beskrivelse/samfunnsmedisiner
Samfunnsplanlegger,samfunnsplanlegger,Akademiske yrker,2164,817680,721,Master,https://utdanning.no/yrker/beskrivelse/samfunnsplanlegger
Samfunnsøkonom,samfunnsoekonom,Akademiske yrker,2631,853440,1168,,https://utdanning.no/yrker/beskrivelse/samfunnsokonom
Sanger,sanger,Akademiske yrker,2652,740520,380,,https://utdanning.no/yrker/beskrivelse/sanger
Sangpedagog,sangpedagog,Akademiske yrker,2354,680160,775,Bachelor,https://utdanning.no/yrker/beskrivelse/sangpedagog
Scenograf,scenograf,Høyskoleyrker,3439,645000,908,,https://utdanning.no/yrker/beskrivelse/scenograf
Seilmaker,seilmaker,Håndverkere,7531,591000,78,Videregående,https://utdanning.no/yrker/beskrivelse/seilmaker
Sekretær,sekretaer,Kontoryrker,4110,593160,26668,Bachelor,https://utdanning.no/yrker/beskrivelse/sekretaer
Serigraf,serigraf,Håndverkere,7322,560760,1024,Videregående,https://utdanning.no/yrker/beskrivelse/serigraf
Service- og administrasjonsmedarbeider,service-og-administrasjonsmedarbeider,Kontoryrker,4110,593160,26668,Videregående,https://utdanning.no/yrker/beskrivelse/service-_og_administrasjonsmedarbeider
Servitør,servitoer,Salgs- og serviceyrker,5131,448200,5704,Videregående,https://utdanning.no/yrker/beskrivelse/servitor
Sexolog,sexolog,Akademiske yrker,,,,,https://utdanning.no/yrker/beskrivelse/sexolog
Signalmontør,signalmontoer,Håndverkere,7412,720960,774,Videregående,https://utdanning.no/yrker/beskrivelse/signalmontor
Sikkerhetsrådgiver (IT),sikkerhetsraadgiver-it,Akademiske yrker,2529,936120,1762,,https://utdanning.no/yrker/beskrivelse/sikkerhetsradgiver_it
Sivilingeniør,sivilingenioer,Akademiske yrker,2146,1182000,5788,Master,https://utdanning.no/yrker/beskrivelse/sivilingenior
Siviløkonom,siviloekonom,Høyskoleyrker,3313,738000,9758,Master,https://utdanning.no/yrker/beskrivelse/sivilokonom
Sjåfør,sjaafoer,"Prosess- og maskinoperatører, transportarbeidere mv.",8322,498840,4998,,https://utdanning.no/yrker/beskrivelse/sjafor
Sjømathandler,sjoemathandler,Håndverkere,7511,535800,381,Fagbrev/fagskole,https://utdanning.no/yrker/beskrivelse/sjomathandler
Skadedyrbekjemper,skadedyrbekjemper,Håndverkere,7544,555600,435,,https://utdanning.no/yrker/beskrivelse/skadedyrbekjemper
Skipper på fiskefartøy,skipper-paa-fiskefartoey,"Bønder, fiskere mv.",6222,582000,143,Bachelor,https://utdanning.no/yrker/beskrivelse/skipper_pa_fiskefartoy
Skipsmegler,skipsmegler,Høyskoleyrker,3324,1260000,750,,https://utdanning.no/yrker/beskrivelse/skipsmegler
Skipsmotormekaniker,skipsmotormekaniker,"Prosess- og maskinoperatører, transportarbeidere mv.",8350,707280,2976,Videregående,https://utdanning.no/yrker/beskrivelse/skipsmotormekaniker
Skofagoperatør,skofagoperatoer,Håndverkere,,,,Fagbrev/fagskole,https://utdanning.no/yrker/beskrivelse/skofagoperator
Skogbruksleder,skogbruksleder,"Bønder, fiskere mv.",6210,517080,416,Bachelor,https://utdanning.no/yrker/beskrivelse/skogbruksleder
Skogbrukssjef,skogbrukssjef,Ledere,1311,815280,163,Ingen formelle krav,https://utdanning.no/yrker/beskrivelse/skogbrukssjef
Skogsoperatør,skogsoperatoer,"Bønder, fiskere mv.",6210,517080,416,Videregående,https://utdanning.no/yrker/beskrivelse/skogsoperator
Skoleassistent,skoleassistent,Salgs- og serviceyrker,5311,499320,30937,Fagbrev/fagskole,https://utdanning.no/yrker/beskrivelse/skoleassistent
Skolefritidsleder (SFO),skolefritidsleder-sfo,Akademiske yrker,2342,642600,17156,Bachelor,https://utdanning.no/yrker/beskrivelse/skolefritidsleder_sfo
Skomaker,skomaker,Håndverkere,7536,572640,44,Videregående,https://utdanning.no/yrker/beskrivelse/skomaker
Skriftgransker,skriftgransker,Akademiske yrker,,,,Bachelor,https://utdanning.no/yrker/beskrivelse/skriftgransker
Skuespiller,skuespiller,Akademiske yrker,2655,646080,576,Bachelor,https://utdanning.no/yrker/beskrivelse/skuespiller
Slakter,slakter,Håndverkere,7511,535800,381,Videregående,https://utdanning.no/yrker/beskrivelse/slakter
Smed,smed,Håndverkere,7221,588120,138,Videregående,https://utdanning.no/yrker/beskrivelse/smed
Sminkør,sminkoer,Salgs- og serviceyrker,5142,471960,485,Videregående,https://utdanning.no/yrker/beskrivelse/sminkor
Snekker,snekker,Håndverkere,7115,574800,10067,Videregående,https://utdanning.no/yrker/beskrivelse/trevaresnekker
Soneterapeut,soneterapeut,Høyskoleyrker,3230,660000,41,,https://utdanning.no/yrker/beskrivelse/soneterapeut
Sosialantropolog,sosialantropolog,Akademiske yrker,2632,820320,232,,https://utdanning.no/yrker/beskrivelse/sosialantropolog
Sosiolog,sosiolog,Akademiske yrker,2632,820320,232,,https://utdanning.no/yrker/beskrivelse/sosiolog
Sosionom,sosionom,Akademiske yrker,2635,672000,3832,,https://utdanning.no/yrker/beskrivelse/sosionom
Speditør,speditoer,Høyskoleyrker,3331,675840,4639,,https://utdanning.no/yrker/beskrivelse/speditor
Spesialist i fordøyelsessykdommer,spesialist-i-fordoeyelsessykdommer,Akademiske yrker,2212,1285920,727,,https://utdanning.no/yrker/beskrivelse/spesialist_i_fordoyelsessykdommer
Spesialist i fysikalsk medisin og rehabilitering,spesialist-i-fysikalsk-medisin-og-rehabilitering,Akademiske yrker,2212,1285920,727,,https://utdanning.no/yrker/beskrivelse/spesialist_i_fysikalsk_medisin_og_rehabilitering
Spesialpedagog,spesialpedagog,Akademiske yrker,2352,679320,1462,,https://utdanning.no/yrker/beskrivelse/spesialpedagog
Spesialsykepleier innen psykisk helse og rus,spesialsykepleier-innen-psykisk-helse-og-rus,Akademiske yrker,2221,765720,3275,Master,https://utdanning.no/yrker/beskrivelse/spesialsykepleier_innen_psykisk_helse_og_rus
Spilldesigner,spilldesigner,Akademiske yrker,2513,750000,378,Bachelor,https://utdanning.no/yrker/beskrivelse/spilldesigner
Spillprogrammerer,spillprogrammerer,Akademiske yrker,2512,929040,8156,,https://utdanning.no/yrker/beskrivelse/spillprogrammerer
Sportsdommer,sportsdommer,Høyskoleyrker,3422,564000,1407,,https://utdanning.no/yrker/beskrivelse/sportsdommer
Statistiker,statistiker,Akademiske yrker,2120,796800,586,,https://utdanning.no/yrker/beskrivelse/statistiker
Statsviter,statsviter,Akademiske yrker,2632,820320,232,,https://utdanning.no/yrker/beskrivelse/statsviter
Steinfagarbeider,steinfagarbeider,Håndverkere,7113,600000,676,Videregående,https://utdanning.no/yrker/beskrivelse/steinfagarbeider
Stillasbygger,stillasbygger,Håndverkere,7119,557640,3646,Videregående,https://utdanning.no/yrker/beskrivelse/stillasbygger
Stipendiat,stipendiat,Akademiske yrker,2310,752880,7620,Master,https://utdanning.no/yrker/beskrivelse/stipendiat
Storurmaker,storurmaker,Håndverkere,7311,665160,107,Fagbrev/fagskole,https://utdanning.no/yrker/beskrivelse/storurmaker
Strikkehåndverker,strikkehaandverker,Håndverkere,7318,495720,102,Videregående,https://utdanning.no/yrker/beskrivelse/strikkehandverker
Studiekonsulent,studiekonsulent,Kontoryrker,,,,Bachelor,https://utdanning.no/yrker/beskrivelse/studiekonsulent
Styrmann,styrmann,Høyskoleyrker,3152,960000,1393,Fagbrev/fagskole,https://utdanning.no/yrker/beskrivelse/styrmann
Støper,stoeper,Håndverkere,7211,558840,134,Fagbrev/fagskole,https://utdanning.no/yrker/beskrivelse/stoper
Støttekontakt,stoettekontakt,Salgs- og serviceyrker,,,,,https://utdanning.no/yrker/beskrivelse/stottekontakt
Supportkonsulent,supportkonsulent,Høyskoleyrker,3512,693600,1657,Bachelor,https://utdanning.no/yrker/beskrivelse/supportkonsulent
Sveiser,sveiser,Håndverkere,7212,606000,2622,,https://utdanning.no/yrker/beskrivelse/sveiser
Sykepleier,sykepleier,Akademiske yrker,2223,693960,60208,Bachelor,https://utdanning.no/yrker/beskrivelse/sykepleier
Sykkelmekaniker,sykkelmekaniker,Håndverkere,7234,427680,361,Videregående,https://utdanning.no/yrker/beskrivelse/sykkelmekaniker
Systemutvikler,systemutvikler,Akademiske yrker,2511,915960,11081,,https://utdanning.no/yrker/beskrivelse/systemutvikler
Sølvsmed,soelvsmed,Håndverkere,7313,576000,71,Videregående,https://utdanning.no/yrker/beskrivelse/solvsmed
TV-fotograf,tv-fotograf,Høyskoleyrker,3431,662640,304,Bachelor,https://utdanning.no/yrker/beskrivelse/tv-fotograf
Tak- og membrantekker,tak-og-membrantekker,Håndverkere,7121,594720,1343,Videregående,https://utdanning.no/yrker/beskrivelse/tak-_og_membrantekker
Taksidermist,taksidermist,Håndverkere,,,,Videregående,https://utdanning.no/yrker/beskrivelse/taksidermist
Takstingeniør (takstmann),takstingenioer-takstmann,Høyskoleyrker,3315,711960,2238,Fagbrev/fagskole,https://utdanning.no/yrker/beskrivelse/takstingenior_takstmann
Tannhelsesekretær,tannhelsesekretaer,Salgs- og serviceyrker,5329,540840,23290,,https://utdanning.no/yrker/beskrivelse/tannhelsesekretaer
Tannlege,tannlege,Akademiske yrker,2261,900000,1512,,https://utdanning.no/yrker/beskrivelse/tannlege
Tannpleier,tannpleier,Høyskoleyrker,3251,617520,1065,Bachelor,https://utdanning.no/yrker/beskrivelse/tannpleier
Tanntekniker,tanntekniker,Høyskoleyrker,3214,691560,341,,https://utdanning.no/yrker/beskrivelse/tanntekniker
Tatovør,tatovoer,Salgs- og serviceyrker,5142,471960,485,,https://utdanning.no/yrker/beskrivelse/tatovor
Tavlemontør,tavlemontoer,Håndverkere,7412,720960,774,Videregående,https://utdanning.no/yrker/beskrivelse/tavlemontor
Taxisjåfør,taxisjaafoer,"Prosess- og maskinoperatører, transportarbeidere mv.",8322,498840,4998,,https://utdanning.no/yrker/beskrivelse/taxisjafor
Tegnspråktolk,tegnspraaktolk,Akademiske yrker,2643,647880,431,Bachelor,https://utdanning.no/yrker/beskrivelse/tegnspraktolk
Teknisk forfatter,teknisk-forfatter,Akademiske yrker,2641,795600,291,,https://utdanning.no/yrker/beskrivelse/teknisk_forfatter
Teknisk tegner,teknisk-tegner,Høyskoleyrker,3118,750000,2132,Fagbrev/fagskole,https://utdanning.no/yrker/beskrivelse/teknisk_tegner
Tekstforfatter,tekstforfatter,Akademiske yrker,2641,795600,291,,https://utdanning.no/yrker/beskrivelse/tekstforfatter
Tekstilrenser,tekstilrenser,"Prosess- og maskinoperatører, transportarbeidere mv.",8157,497040,1301,Videregående,https://utdanning.no/yrker/beskrivelse/tekstilrenser
Telefonselger,telefonselger,Salgs- og serviceyrker,5244,569280,3812,Fagbrev/fagskole,https://utdanning.no/yrker/beskrivelse/telefonselger
Telekommunikasjonsmontør,telekommunikasjonsmontoer,Håndverkere,7422,583080,3887,Videregående,https://utdanning.no/yrker/beskrivelse/telekommunikasjonsmontor
Terapeut,terapeut,Høyskoleyrker,,,,,https://utdanning.no/yrker/beskrivelse/terapeut
Tilkomsttekniker,tilkomsttekniker,Håndverkere,7215,677400,1534,,https://utdanning.no/yrker/beskrivelse/tilkomsttekniker
Togekspeditør,togekspeditoer,Kontoryrker,4323,662760,2362,Videregående,https://utdanning.no/yrker/beskrivelse/togekspeditor
Togelektriker,togelektriker,Håndverkere,7412,720960,774,Videregående,https://utdanning.no/yrker/beskrivelse/togelektriker
Togleder,togleder,Kontoryrker,,,,Fagbrev/fagskole,https://utdanning.no/yrker/beskrivelse/togleder
Tolk,tolk,Akademiske yrker,2643,647880,431,Bachelor,https://utdanning.no/yrker/beskrivelse/tolk
Toller,toller,Høyskoleyrker,3351,644160,1131,Bachelor,https://utdanning.no/yrker/beskrivelse/toller
Trafikkbetjent (parkering),trafikkbetjent-parkering,Salgs- og serviceyrker,5419,508080,1580,,https://utdanning.no/yrker/beskrivelse/trafikkbetjent_parkering
Trafikklærer,trafikklaerer,Salgs- og serviceyrker,5165,699720,2005,,https://utdanning.no/yrker/beskrivelse/trafikklaerer
Trebåtbygger,trebaatbygger,Håndverkere,,,,Videregående,https://utdanning.no/yrker/beskrivelse/trebatbygger
Tredreier,tredreier,Håndverkere,7115,574800,10067,Videregående,https://utdanning.no/yrker/beskrivelse/tredreier
Treskjærer,treskjaerer,Håndverkere,7317,575160,11,Videregående,https://utdanning.no/yrker/beskrivelse/treskjaerer
Trikkefører,trikkefoerer,"Prosess- og maskinoperatører, transportarbeidere mv.",8331,567240,8276,Videregående,https://utdanning.no/yrker/beskrivelse/trikkeforer
Truck- og liftmekaniker,truck-og-liftmekaniker,Håndverkere,7233,642480,4339,,https://utdanning.no/yrker/beskrivelse/truck-_og_liftmekaniker
Tømrer,toemrer,Håndverkere,7115,574800,10067,Videregående,https://utdanning.no/yrker/beskrivelse/tomrer
UX-designer,ux-designer,Akademiske yrker,2166,726240,951,,https://utdanning.no/yrker/beskrivelse/ux-designer
Undervisningsinspektør,undervisningsinspektoer,Akademiske yrker,2341,705000,20101,Master,https://utdanning.no/yrker/beskrivelse/undervisningsinspektor
Urmaker,urmaker,Håndverkere,7311,665160,107,Videregående,https://utdanning.no/yrker/beskrivelse/urmaker
Utmarksforvalter,utmarksforvalter,Høyskoleyrker,3143,722760,647,Ingen formelle krav,https://utdanning.no/yrker/beskrivelse/utmarksforvalter
Vaskerioperatør,vaskerioperatoer,"Prosess- og maskinoperatører, transportarbeidere mv.",8157,497040,1301,Videregående,https://utdanning.no/yrker/beskrivelse/vaskerioperator
Vei- og anleggsarbeider,vei-og-anleggsarbeider,"Prosess- og maskinoperatører, transportarbeidere mv.",8342,618120,3264,Videregående,https://utdanning.no/yrker/beskrivelse/vei-_og_anleggsarbeider
Veidrift- og veivedlikeholdsarbeider,veidrift-og-veivedlikeholdsarbeider,"Prosess- og maskinoperatører, transportarbeidere mv.",8342,618120,3264,,https://utdanning.no/yrker/beskrivelse/veidrift-_og_veivedlikeholdsarbeider
Vekter,vekter,Salgs- og serviceyrker,5414,521400,10286,,https://utdanning.no/yrker/beskrivelse/vekter
Ventilasjons- og blikkenslagerarbeider,ventilasjons-og-blikkenslagerarbeider,Håndverkere,7213,603960,1519,Videregående,https://utdanning.no/yrker/beskrivelse/ventilasjons-_og_blikkenslagerarbeider
Ventilasjonstekniker,ventilasjonstekniker,Håndverkere,7126,645000,4421,,https://utdanning.no/yrker/beskrivelse/ventilasjonstekniker
Verktøymaker,verktoeymaker,Håndverkere,7222,629520,646,Videregående,https://utdanning.no/yrker/beskrivelse/verktoymaker
Vernepleier,vernepleier,Akademiske yrker,2224,686280,22457,,https://utdanning.no/yrker/beskrivelse/vernepleier
Veterinær,veterinaer,Akademiske yrker,2250,795240,1821,Doktorgrad,https://utdanning.no/yrker/beskrivelse/veterinaer
Videokunstner,videokunstner,Akademiske yrker,,,,Bachelor,https://utdanning.no/yrker/beskrivelse/videokunstner
Vikler,vikler,Håndverkere,7412,720960,774,Videregående,https://utdanning.no/yrker/beskrivelse/vikler
Vinkelner,vinkelner,Salgs- og serviceyrker,5131,448200,5704,Fagbrev/fagskole,https://utdanning.no/yrker/beskrivelse/vinkelner
Webdesigner,webdesigner,Akademiske yrker,2166,726240,951,Bachelor,https://utdanning.no/yrker/beskrivelse/webdesigner
Yrkesfaglærer,yrkesfaglaerer,Akademiske yrker,2320,675600,882,Bachelor,https://utdanning.no/yrker/beskrivelse/yrkesfaglaerer
Økonom,oekonom,Akademiske yrker,2412,896160,3251,Bachelor,https://utdanning.no/yrker/beskrivelse/okonom
Økonomikonsulent,oekonomikonsulent,Akademiske yrker,2422,739560,22579,,https://utdanning.no/yrker/beskrivelse/okonomikonsulent
Økonomisjef,oekonomisjef,Ledere,1211,1220040,8708,,https://utdanning.no/yrker/beskrivelse/okonomisjef
Øyelege,oeyelege,Akademiske yrker,2212,1285920,727,,https://utdanning.no/yrker/beskrivelse/oyelege
